[
  {
    "id": "1f1af124-f985-4fcf-b393-63c0119babca",
    "data": [
      {
        "text": "What is the chef\u0027s recommendation?",
        "userDefined": false
      }
    ],
    "isTemplate": false,
    "count": 0,
    "updated": 1537059976
  },
  {
    "id": "5dd7b81c-092b-42ee-a1b8-4adbf8c5198e",
    "data": [
      {
        "text": "What do you suggest?",
        "userDefined": false
      }
    ],
    "isTemplate": false,
    "count": 0,
    "updated": 1537059976
  },
  {
    "id": "5b3ccb35-bf1b-470d-b01b-c20618ab88cf",
    "data": [
      {
        "text": "What\u0027s good here?",
        "userDefined": false
      }
    ],
    "isTemplate": false,
    "count": 0,
    "updated": 1537059976
  },
  {
    "id": "684d27e2-56ee-42d1-9ee9-1428b6b7e00a",
    "data": [
      {
        "text": "What is the best dish here?",
        "userDefined": false
      }
    ],
    "isTemplate": false,
    "count": 0,
    "updated": 1537059976
  },
  {
    "id": "e51d0ad7-eaa1-412a-9854-9b886ac8f312",
    "data": [
      {
        "text": "What do you recommend?",
        "userDefined": false
      }
    ],
    "isTemplate": false,
    "count": 0,
    "updated": 1537059976
  }
]