[
  {
    "id": "0015ee39-c53e-4d60-a642-eb362e5d4985",
    "data": [
      {
        "text": "it",
        "userDefined": false
      }
    ],
    "isTemplate": false,
    "count": 0,
    "updated": 1537077969
  },
  {
    "id": "81aaf0ff-364b-470d-a647-9a89b6f07f44",
    "data": [
      {
        "text": "be",
        "userDefined": false
      }
    ],
    "isTemplate": false,
    "count": 0,
    "updated": 1537077969
  },
  {
    "id": "9b140f0c-0a78-48ee-b2f9-ca427185c6b5",
    "data": [
      {
        "text": "Would it be",
        "userDefined": false
      }
    ],
    "isTemplate": false,
    "count": 0,
    "updated": 1537077969
  },
  {
    "id": "71a74d53-8b33-4b15-bd78-f92fad6f2489",
    "data": [
      {
        "text": "Do you have",
        "userDefined": false
      }
    ],
    "isTemplate": false,
    "count": 0,
    "updated": 1537077969
  },
  {
    "id": "f191ced0-866d-47b8-be40-e2db7c91b0bf",
    "data": [
      {
        "text": "Can I get",
        "userDefined": false
      }
    ],
    "isTemplate": false,
    "count": 0,
    "updated": 1537077969
  },
  {
    "id": "4fe07a59-e70c-44bd-8766-3160f71354ff",
    "data": [
      {
        "text": "get",
        "userDefined": false
      }
    ],
    "isTemplate": false,
    "count": 0,
    "updated": 1537077969
  },
  {
    "id": "78e8843d-e66e-4aa6-a5e7-01414798480f",
    "data": [
      {
        "text": "I",
        "userDefined": false
      }
    ],
    "isTemplate": false,
    "count": 0,
    "updated": 1537077969
  },
  {
    "id": "1eb8c492-c60b-479a-8ba9-adb5be374e94",
    "data": [
      {
        "text": "can",
        "userDefined": false
      }
    ],
    "isTemplate": false,
    "count": 0,
    "updated": 1537077969
  }
]