[
  {
    "id": "0e9d44ab-3d1d-40c9-9b45-0f8683443c27",
    "data": [
      {
        "text": "Bye bye!",
        "userDefined": false
      }
    ],
    "isTemplate": false,
    "count": 0,
    "updated": 1537061889
  },
  {
    "id": "c6bc5788-9630-4270-8359-0fa6f690acaa",
    "data": [
      {
        "text": "Thank you!",
        "userDefined": false
      }
    ],
    "isTemplate": false,
    "count": 0,
    "updated": 1537061889
  },
  {
    "id": "a36b8806-5f90-4b82-8431-fa8f81e00eb4",
    "data": [
      {
        "text": "Thanks a million!",
        "userDefined": false
      }
    ],
    "isTemplate": false,
    "count": 0,
    "updated": 1537061889
  },
  {
    "id": "ce1385af-8e88-42c1-a383-8fc8ef69b8e5",
    "data": [
      {
        "text": "That will be all, thank you!",
        "userDefined": false
      }
    ],
    "isTemplate": false,
    "count": 0,
    "updated": 1537061889
  },
  {
    "id": "19d15443-6825-4079-8300-9e08668a19b0",
    "data": [
      {
        "text": "I don\u0027t need anything else, thanks!",
        "userDefined": false
      }
    ],
    "isTemplate": false,
    "count": 0,
    "updated": 1537061889
  },
  {
    "id": "f764a59c-dcef-45f6-9476-9bb2036acffd",
    "data": [
      {
        "text": "Great thanks! Good bye!",
        "userDefined": false
      }
    ],
    "isTemplate": false,
    "count": 0,
    "updated": 1537061889
  },
  {
    "id": "8cd8819b-c711-4ece-9985-56aa787329a6",
    "data": [
      {
        "text": "See you later!",
        "userDefined": false
      }
    ],
    "isTemplate": false,
    "count": 0,
    "updated": 1537061889
  },
  {
    "id": "6c6995b3-3efc-4a71-82a6-a6f3f23a5a26",
    "data": [
      {
        "text": "good bye!",
        "userDefined": false
      }
    ],
    "isTemplate": false,
    "count": 0,
    "updated": 1537061889
  }
]